11807,FRIDAY
11807,FRIDAY
12002,MONDAY
12002,TUESDAY
12002,WEDNESDAY
12002,THURSDAY
12002,FRIDAY
12002,SATURDAY
12002,SUNDAY
12004,TUESDAY
12004,WEDNESDAY
12004,MONDAY
12004,THURSDAY
12004,FRIDAY
12004,SATURDAY
12004,SUNDAY
12013,WEDNESDAY
12013,SATURDAY
12013,MONDAY
12013,TUESDAY
12013,THURSDAY
12013,FRIDAY
12013,SUNDAY
12027,MONDAY
12027,SUNDAY
12027,WEDNESDAY
12027,THURSDAY
12027,FRIDAY
12027,SATURDAY
12028,MONDAY
12028,SUNDAY
12028,WEDNESDAY
12028,THURSDAY
12028,FRIDAY
12028,SATURDAY
12062,SATURDAY
12062,MONDAY
12062,TUESDAY
12062,WEDNESDAY
12062,THURSDAY
12062,FRIDAY
12062,SUNDAY
12239,SUNDAY
12239,TUESDAY
12243,SUNDAY
12243,MONDAY
12243,WEDNESDAY
12243,THURSDAY
12243,FRIDAY
12243,SATURDAY
12262,MONDAY
12262,TUESDAY
12262,WEDNESDAY
12262,FRIDAY
12310,MONDAY
12310,TUESDAY
12310,WEDNESDAY
12310,THURSDAY
12310,FRIDAY
12310,SATURDAY
12310,SUNDAY
12426,MONDAY
12426,TUESDAY
12426,WEDNESDAY
12426,THURSDAY
12426,FRIDAY
12426,SATURDAY
12426,SUNDAY
22209,MONDAY
22209,FRIDAY
22214,TUESDAY
22214,SATURDAY
22408,MONDAY
22214,THURSDAY
22408,WEDNESDAY
22408,FRIDAY
